[
    {"name":"Alabama", "capital":"Montgomery","abbreviation":"AL"},
    {"name":"Alaska", "capital":"Juneau","abbreviation":"AK"},
    {"name":"Arizona", "capital":"Phoenix","abbreviation":"AZ"},
    {"name":"Arkansas", "capital":"Little Rock","abbreviation":"AR"},
    {"name":"California", "capital":"Sacramento","abbreviation":"CA"},
    {"name":"Colorado", "capital":"Denver","abbreviation":"CO"},
    {"name":"Connecticut", "capital":"Hartford","abbreviation":"CT"},
    {"name":"Delaware", "capital":"Dover","abbreviation":"DE"},
    {"name":"Florida", "capital":"Tallahassee","abbreviation":"FL"},
    {"name":"Georgia", "capital":"Atlanta","abbreviation":"GA"},
    {"name":"Guam", "capital":"Guam","abbreviation":"GU"},
    {"name":"Hawaii", "capital":"Honolulu","abbreviation":"HI"},
    {"name":"Idaho", "capital":"Boise","abbreviation":"ID"},
    {"name":"Illinois", "capital":"Springfield","abbreviation":"IL"},
    {"name":"Indiana", "capital":"Indianapolis","abbreviation":"IN"},
    {"name":"Iowa", "capital":"Des Moines","abbreviation":"IA"},
    {"name":"Kansas", "capital":"Topeka","abbreviation":"KS"},
    {"name":"Kentucky", "capital":"Frankfort","abbreviation":"KY"},
    {"name":"Louisiana", "capital":"Baton Rouge","abbreviation":"LA"},
    {"name":"Maine", "capital":"Augusta","abbreviation":"ME"},
    {"name":"Maryland", "capital":"Annapolis","abbreviation":"MD"},
    {"name":"Massachusetts", "capital":"Boston","abbreviation":"MA"},
    {"name":"Michigan", "capital":"Lansing","abbreviation":"MI"},
    {"name":"Minnesota", "capital":"Saint Paul","abbreviation":"MN"},
    {"name":"Mississippi", "capital":"Jackson","abbreviation":"MS"},
    {"name":"Missouri", "capital":"Jefferson City","abbreviation":"MO"},
    {"name":"Montana", "capital":"Helena","abbreviation":"MT"},
    {"name":"Nebraska", "capital":"Lincoln","abbreviation":"NE"},
    {"name":"Nevada", "capital":"Carson City","abbreviation":"NV"},
    {"name":"New Hampshire", "capital":"Concord","abbreviation":"NH"},
    {"name":"New Jersey", "capital":"Trenton","abbreviation":"NJ"},
    {"name":"New Mexico", "capital":"Santa Fe","abbreviation":"NM"},
    {"name":"New York", "capital":"Albany","abbreviation":"NY"},
    {"name":"North Carolina", "capital":"Raleigh","abbreviation":"NC"},
    {"name":"North Dakota", "capital":"Bismarck","abbreviation":"ND"},
    {"name":"Ohio", "capital":"Columbus","abbreviation":"OH"},
    {"name":"Oklahoma", "capital":"Oklahoma City","abbreviation":"OK"},
    {"name":"Oregon", "capital":"Salem","abbreviation":"OR"},
    {"name":"Pennsylvania", "capital":"Harrisburg","abbreviation":"PA"},
    {"name":"Rhode Island", "capital":"Providence","abbreviation":"RI"},
    {"name":"South Carolina", "capital":"Columbia","abbreviation":"SC"},
    {"name":"South Dakota", "capital":"Pierre","abbreviation":"SD"},
    {"name":"Tennessee", "capital":"Nashville","abbreviation":"TN"},
    {"name":"Texas", "capital":"Austin","abbreviation":"TX"},
    {"name":"Utah", "capital":"Salt Lake City","abbreviation":"UT"},
    {"name":"Vermont", "capital":"Montpelier","abbreviation":"VT"},
    {"name":"Virginia", "capital":"Richmond","abbreviation":"VA"},
    {"name":"Washington", "capital":"Olympia","abbreviation":"WA"},
    {"name":"West Virginia", "capital":"Charleston","abbreviation":"WV"},
    {"name":"Wisconsin", "capital":"Madison","abbreviation":"WI"},
    {"name":"Wyoming", "capital":"Cheyenne","abbreviation":"WY"}
]
